id;name_ru;name_en;regula_code;elpost_code;epgu_code;original_regula_code
2452;ОУФМС РОССИИ ПО САМАРСКОЙ ОБЛ В ОКТЯБРЬСКОМ РНЕ ГСАМАРА;;632-010;7940;;632-010
2467;ТП УФМС РОССИИ ПО САМАРСКОЙ ОБЛ В БОРСКОМ РНЕ;;632-025;7955;;632-025
2475;ОУФМС РОССИИ ПО САМАРСКОЙ ОБЛ В АВТОЗАВОДСКОМ РНЕ ГТОЛЬЯТТИ;;632-033;7963;;632-033
2668;ОМ УВД ЛЕНИНСКОГО РНА Г ЕКАТЕРИНБУРГА;;663-001;8276;;663-001
3006;ВЕРШИНОДАРАСУНСКОЕ ОМ ТУНГОКОЧЕНСКОГО РНА ЧИТИНСКОЙ ОБЛ;;753-009;8988;;753-009
3309;ОВД КУМТОРКАЛИНСКОГО РНА РЕСПУБЛИКИ ДАГЕСТАН;;052-049;9963;;052-049
3310;ОВД ДЕРБЕНТСКОГО РНА РЕСПУБЛИКИ ДАГЕСТАН;;052-050;9964;;052-050
3312;ОВД Г ДАГЕСТАНСКИЕ ОГНИ РЕСПУБЛИКИ ДАГЕСТАН;;052-052;9966;;052-052
3313;ОВД ДОКУЗПАРИНСКОГО РНА РЕСПУБЛИКИ ДАГЕСТАН;;052-053;9967;;052-053
3314;БЕЖТИНСКИЙ ПОМ ЦУНТИНСКОГО РНА РЕСПУБЛИКИ ДАГЕСТАН;;053-001;9968;;053-001
3315;БЕЛИДЖИНСКИЙ ПОМ ДЕРБЕНТСКОГО РНА РЕСПУБЛИКИ ДАГЕСТАН;;053-002;9969;;053-002
3316;ДУБКИНСКОЕ ПОМ Г КИЗИЛЮРТА РЕСПУБЛИКИ ДАГЕСТАН;;053-003;9970;;053-003
3317;КОЧУБЕЙСКОЕ ПОМ ТАРУМОВСКОГО РНА РЕСПУБЛИКИ ДАГЕСТАН;;053-004;9971;;053-004
3318;МАМЕДКАЛИНСКОЕ ПОМ ДЕРБЕНТСКОГО РНА РЕСПУБЛИКИ ДАГЕСТАН;;053-005;9972;;053-005
3321;КАРАМАХИНСКОЕ ПОМ БУЙНАКСКОГО РНА РЕСПУБЛИКИ ДАГЕСТАН;;053-008;9975;;053-008
3342;ОФМС РОССИИ ПО РЕСПУБЛИКЕ ТЫВА;;170-000;9998;;170-000
3728;ОТДЕЛЕНИЕ УФМС РОССИИ ПО ПРИМОРСКОМУ КРАЮ В ХАСАНСКОМ МУНИЦИПАЛЬНОМ РАЙОНЕ;;250-049;10052;;250-049
3888;ТП П ПАНГОДЫ УФМС РОССИИ ЯМАЛОНЕНЕЦКОМУ АВТОНОМНОМУ ОКРУГУ В Г НАДЫМ;;890-015;9717;;890-015
3889;ТП В П ПУРПЕ УФМС РОССИИ ЯМАЛОНЕНЕЦКОМУ АВТОНОМНОМУ ОКРУГУ В ПУРОВСКОМ РНЕ;;890-016;9718;;890-016
3890;ТП В П УРЕНГОЙ УФМС РОССИИ ЯМАЛОНЕНЕЦКОМУ АВТОНОМНОМУ ОКРУГУ В ПУРОВСКОМ РНЕ;;890-017;9719;;890-017
3891;ТП В П ХАНЫМЕЙ УФМС РОССИИ ЯМАЛОНЕНЕЦКОМУ АВТОНОМНОМУ ОКРУГУ В ПУРОВСКОМ РНЕ;;890-018;9720;;890-018
3896;ТП П АКСАРКА МО УФМС РОССИИ ЯМАЛОНЕНЕЦКОМУ АО В Г САЛЕХАРД;;890-029;9725;;890-029
3956;ОМ УВД ВЕРХИСЕТСКОГО РНА Г ЕКАТЕРИНБУРГА;;663-004;10301;;663-004
3974;ГУВД НИЖЕГОРОДСКОЙ ОБЛ;;521-001;10259;;521-001
3975;ОВД ШАХУНСКОГО РНА НИЖЕГОРОДСКОЙ ОБЛ;;522-059;10260;;522-059
4018;УВЕЛЬСКИЙ РОВД ЧЕЛЯБИНСКОЙ ОБЛ;;742-034;10367;;742-034
7606;ТП УФМС РОССИИ ПО КИРОВСКОЙ ОБЛАСТИ В ЛЕБЯЖСКОМ РАЙОНЕ;;430-015;127226;;430-015
7607;ТП УФМС РОССИИ ПО КИРОВСКОЙ ОБЛАСТИ В ПИЖАНСКОМ РАЙОНЕ;;430-026;127227;;430-026
7608;ТП В ПОС СВЕЧА ОУФМС РОССИИ ПО КИРОВСКОЙ ОБЛАСТИ В ГОРОДЕ КОТЕЛЬНИЧЕ;;430-029;127228;;430-029
7609;ТП УФМС РОССИИ ПО КИРОВСКОЙ ОБЛАСТИ В СОВЕТСКОМ РАЙОНЕ;;430-031;127229;;430-031
7610;ТП УФМС РОССИИ ПО КИРОВСКОЙ ОБЛАСТИ В УНИНСКОМ РАЙОНЕ;;430-034;127230;;430-034
4315;ОВД П ЛОКОМОТИВНЫЙ ЧЕЛЯБИНСКОЙ ОБЛ;;742-051;127895;;742-051
4379;ОТДЕЛЕНИЕ УФМС РОССИИ ПО ОРЕНБУРГСКОЙ ОБЛ В Г МЕДНОГОРСКЕ;;560-012;113499;;560-012
4462;ТП УФМС РОССИИ ПО РЕСПУБЛИКЕ ДАГЕСТАН В П ШАМХАЛ;;050-055;127701;;050-055
4463;ОТДЕЛЕНИЕ УФМС РОССИИ ПО РЕСПУБЛИКЕ ДАГЕСТАН В КИЗЛЯРСКОМ РНЕ;;050-053;127702;;050-053
4464;ОТДЕЛ УФМС РОССИИ ПО РЕСПУБЛИКЕ ДАГЕСТАН В ХАСАВЮРТОВСКОМ РНЕ;;050-054;127703;;050-054
4624;ТП 2 В Г БИЙСКЕ МЕЖРАЙОННОГО ОТДЕЛА 2 УФМС РОССИИ ПО АЛТАЙСКОМУ КРАЮ;;220-077;127614;;220-077
4625;ТП 2 В Г РУБЦОВСКЕ МЕЖРАЙОННОГО ОТДЕЛА 10 УФМС РОССИИ ПО АЛТАЙСКОМУ КРАЮ;;220-078;127615;;220-078
4641;ТП В ВАЛУЙСКОМ РНЕ МО УФМС РОССИИ ПО БЕЛГОРОДСКОЙ ОБЛ В Г ВАЛУЙКИ;;310-012;127631;;310-012
4651;ОТДЕЛЕНИЕ 2 ОТДЕЛА УФМС РОССИИ ПО БЕЛГОРОДСКОЙ ОБЛ В Г СТАРЫЙ ОСКОЛ;;310-021;127641;;310-021
4655;ТП УФМС РОССИИ ПО РЕСПУБЛИКЕ КАРЕЛИЯ В ПРИОНЕЖСКОМ РНЕ;;100-014;127751;;100-014
4656;ТП УФМС РОССИИ ПО РЕСПУБЛИКЕ КАРЕЛИЯ В ПИТКЯРАНТСКОМ РНЕ;;100-013;127752;;100-013
4672;ОТДЕЛ ОФОРМЛЕНИЯ ЗАГРАНИЧНЫХ ПАСПОРТОВ УФМС РОССИИ ПО РСОАЛАНИЯ;;150-001;127768;;150-001
4757;ТП В П ЗАПАДНОМ ОУФМС РОССИИ ПО АЛТАЙСКОМУ КРАЮ В ОКТЯБРЬСКОМ РНЕ Г БАРНАУЛА;;220-075;119007;;220-075
4758;ТП В П ЮЖНОМ ОУФМС РОССИИ ПО АЛТАЙСКОМУ КРАЮ В ЦЕНТРАЛЬНОМ РНЕ Г БАРНАУЛА;;220-076;119008;;220-076
4761;УФМС РОССИИ ПО АЛТАЙСКОМУ КРАЮ;;221-001;119020;;221-001
5028;ОТДЕЛЕНИЕ УФМС РОССИИ ПО ВОЛГОГРАДСКОЙ ОБЛ В ЧЕРНЫШКОВСКОМ РНЕ ВОЛГОГРАДСКОЙ ОБЛ;;340-043;121740;;340-043
5055;МО УФМС РОССИИ ПО АМУРСКОЙ ОБЛ В ГБЕЛОГОРСКЕ;;280-003;119067;;280-003
5120;ТП УФМС РОССИИ ПО РЕСПУБЛИКЕ ТАТАРСТАН В ТЮЛЯЧИНСКОМ РНЕ;;160-059;127589;;160-059
5121;ТП УФМС РОССИИ ПО РЕСПУБЛИКЕ ТАТАРСТАН В ЧЕРЕМШАНСКОМ РНЕ;;160-060;127590;;160-060
5122;ТП УФМС РОССИИ ПО РЕСПУБЛИКЕ ТАТАРСТАН В ЮТАЗИНСКОМ РНЕ;;160-061;127591;;160-061
5343;ОТДЕЛ УФМС РОССИИ ПО АЛТАЙСКОМУ КРАЮ В Г СЛАВГОРОДЕ;;220-046;128680;;220-046
5495;ОТДЕЛЕНИЕ УФМС РОССИИ ПО ИРКУТСКОЙ ОБЛ В Г ТАЙШЕТЕ И ТАЙШЕТСКОМ РНЕ;;380-027;122548;;380-027
5558;ТП УФМС РОССИИ ПО КИРОВСКОЙ ОБЛАСТИ В АФАНАСЬЕВСКОМ РАЙОНЕ;;430-002;121179;;430-002
5559;ТП УФМС РОССИИ ПО КИРОВСКОЙ ОБЛАСТИ В БЕЛОХОЛУНИЦКОМ РАЙОНЕ;;430-003;121180;;430-003
5723;ТП ОФМС РОССИИ ПО ЧУКОТСКОМУ АВТОНОМНОМУ ОКРУГУ В БИЛИБИНСКОМ МУНИЦИПАЛЬНОМ РНЕ;;870-004;114555;;870-004
5725;ТП ОФМС РОССИИ ПО ЧУКОТСКОМУ АВТОНОМНОМУ ОКРУГУ В ПРОВИДЕНСКОМ МУНИЦИПАЛЬНОМ РНЕ;;870-006;114557;;870-006
5811;ОТДЕЛЕНИЕ УФМС РОССИИ ПО ЧЕЧЕНСКОЙ РЕСПУБЛИКЕ В СТАРОПРОМЫСЛОВСКОМ РНЕ Г ГРОЗНОГО;;200-006;117663;;200-006
5943;ТП В ПОС ВАХРУШИ ОУФМС РОССИИ ПО КИРОВСКОЙ ОБЛАСТИ В СЛОБОДСКОМ РАЙОНЕ;;430-048;121417;;430-048
6089;ТП УФМС РОССИИ ЯМАЛОНЕНЕЦКОМУ АВТОНОМНОМУ ОКРУГУ В ШУРЫШКАРСКОМ РНЕ;;890-013;120120;;890-013
6090;ТП УФМС РОССИИ ЯМАЛОНЕНЕЦКОМУ АВТОНОМНОМУ ОКРУГУ В КРАСНОСЕЛЬКУПСКОМ РНЕ;;890-014;120121;;890-014
6135;ОТДЕЛ УФМС РОССИИ ПО ТВЕРСКОЙ ОБЛ В ЗАВОЛЖСКОМ РНЕ Г ТВЕРИ;;690-001;116562;;690-001
6139;ОТДЕЛЕНИЕ УФМС РОССИИ ПО ТВЕРСКОЙ ОБЛ В БЕЖЕЦКОМ РНЕ;;690-005;116566;;690-005
6163;ПОСТ ИММИГРАЦИОННОГО КОНТРОЛЯ ПЕТРОПАВЛОВСККАМЧАТСКИЙ АЭРОМОРПОРТ;;410-013;128058;;410-013
6198;ОТДЕЛ УФМС РОССИИ ПО ТВЕРСКОЙ ОБЛ В МОСКОВСКОМ РНЕ Г ТВЕРИ;;690-040;115652;;690-040
6349;МАЛЫШЕВСКОЕ ОМ АСБЕСТОВСКОГО ГОВД СВЕРДЛОВСКОЙ ОБЛ;;663-012;127979;;663-012
6352;РЕФТИНСКОЕ ОМ АСБЕСТОВСКОГО ГОВД СВЕРДЛОВСКОЙ ОБЛ;;663-013;127982;;663-013
6503;ОУФМС РОССИИ ПО РЕСПУБЛИКЕ ДАГЕСТАН В ЦУНТИНСКОМ РАЙОЕНЕ;;050-047;114640;;050-047
6652;ТП В Г ЗАВОЛЖЬЕ ОТДЕЛА УФМС РОССИИ ПО НИЖЕГОРОДСКОЙ ОБЛ В ГОРОДЕЦКОМ РНЕ;;520-061;116398;;520-061
6655;БОГДАНОВИЧСКИЙ ОВД СВЕРДЛОВСКОЙ ОБЛ;;662-018;127922;;662-018
6662;КАМЕНСКУРАЛЬСКИЙ УВД СВЕРДЛОВСКОЙ ОБЛ;;662-025;127929;;662-025
6673;УВД Г НИЖНЕГО ТАГИЛА СВЕРДЛОВСКОЙ ОБЛ;;662-036;127940;;662-036
6703;ТЕРРИТОРИАЛЬНОЕ ОТДЕЛЕНИЕ В Г БИЙСКЕ МЕЖРАЙОННОГО ОТДЕЛА 2 УФМС РОССИИ ПО АЛТАЙСКОМУ КРАЮ;;220-010;117534;;220-010
6715;ТП УФМС РОССИИ ПО АЛТАЙСКОМУ КРАЮ В СКРАСНОГОРСКОЕ;;220-022;117546;;220-022
6878;ОТДЕЛ УФМС РОССИИ ПО ОРЕНБУРГСКОЙ ОБЛ В Г БУЗУЛУКЕ;;560-011;115342;;560-011
6899;ОТДЕЛЕНИЕ УФМС РОССИИ ПО ЯМАЛОНЕНЕЦКОМУ АВТОНОМНОМУ ОКРУГУ В ТАЗОВСКОМ РНЕ;;890-010;120047;;890-010
6901;УФМС РОССИИ ПО РЕСПУБЛИКЕ ДАГЕСТАН;;050-001;114851;;050-001
6902;ОУФМС РОССИИ ПО РЕСПУБЛИКЕ ДАГЕСТАН В ЛЕНИНСКОМ РНЕ Г МАХАЧКАЛЫ;;050-002;114852;;050-002
7176;ТП В РОВЕНЬСКОМ РНЕ МО УФМС РОССИИ ПО БЕЛГОРОДСКОЙ ОБЛ В Г ВАЛУЙКИ;;310-010;118250;;310-010
7178;ОТДЕЛЕНИЕ 1 МО УФМС РОССИИ ПО БЕЛГОРОДСКОЙ ОБЛ В Г ВАЛУЙКИ;;310-012;118252;;310-012
7182;ТП В Г БЕЛГОРОД22 ОТДЕЛА УФМС РОССИИ ПО БЕЛГОРОДСКОЙ ОБЛ В Г БЕЛГОРОД;;310-016;118256;;310-016
7187;ОТДЕЛЕНИЕ 2 МО УФМС РОССИИ ПО БЕЛГОРОДСКОЙ ОБЛ В Г СТАРЫЙ ОСКОЛ;;310-021;118261;;310-021
7188;ТП В НОВООСКОЛЬСКОМ РНЕ МО УФМС РОССИИ ПО БЕЛГОРОДСКОЙ ОБЛ В Г АЛЕКСЕЕВКА;;310-022;118262;;310-022
7215;ОТДЕЛ УФМС РОССИИ ПО ЗАБАЙКАЛЬСКОМУ КРАЮ В ЦЕНТРАЛЬНОМ РНЕ Г ЧИТЫ;;750-002;114384;;750-002
7277;ОТДЕЛ УФМС РОССИИ ПО ОРЕНБУРГСКОЙ ОБЛ В Г БУГУРУСЛАНЕ;;560-010;116697;;560-010
7420;ОТДЕЛ УФМС РОССИИ ПО СВЕРДЛОВСКОЙ ОБЛ В ОКТЯБРЬСКОМ РНЕ Г ЕКАТЕРИНБУРГА;;660-008;115875;;660-008
7466;ОТДЕЛ ПО ВОПРОСАМ ТРУДОВОЙ МИГРАЦИИ УФМС РОССИИ ПО САНКТПЕТЕРБУРГУ И ЛЕНИНГРАДСКОЙ ОБЛ;;780-086;128516;;780-086
7786;ОВД СЕВЕРНОЕ МЕДВЕДКОВО ПС 2 Г МОСКВЫ;;772-134;127876;;772-134
7800;РАДУЖНИНСКОЕ ПОМ КИРОВОЧЕПЕЦКОГО РНА Г КИРОВА;;433-003;127565;;433-003
7801;2 ОМ УВД КИРОВСКОЙ ОБЛ;;433-013;127566;;433-013
7802;4 ОВД ОМУТНИНСКОГО РНА КИРОВСКОЙ ОБЛ;;433-014;127567;;433-014
7803;6 ОМ УВД КИРОВСКОЙ ОБЛАСТИ;;433-016;127568;;433-016
7860;ТП УФМС РОССИИ ПО РЕСПУБЛИКЕ ТАТАРСТАН В АТНИНСКОМ РНЕ;;160-039;127244;;160-039
7866;ТП УФМС РОССИИ ПО РЕСПУБЛИКЕ ТАТАРСТАН В ТЕТЮШСКОМ РНЕ;;160-058;127250;;160-058
7955;ОТДЕЛЕНИЕ МИЛИЦИИ 4 Г БРАТСКА ИРКУТСКОЙ ОБЛ;;383-004;128251;;383-004
8084;ТП УФМС РОССИИ ПО БРЯНСКОЙ ОБЛ В Г СЕЛЬЦО;;320-027;128356;;320-027
8106;МЕЖРАЙОННЫЙ ОТДЕЛ 2 УФМС РОССИИ ПО САНКТПЕТЕРБУРГУ И ЛЕНИНГРАДСКОЙ ОБЛ ОБСЛУЖИВАЕТ ПЕТРОДВОРЦОВЫЙ РН Г САНКТПЕТЕРБУРГА И ЛОМОНОСОВСКИЙ РН ЛЕНИНГРАДСКОЙ ОБЛ;;780-119;128378;;780-119
8471;МИГРАЦИОННЫЙ ПУНКТ УФМС РОССИ ПО ИРКУТСКОЙ ОБЛАСТИ В УСТЬУДИНСКОМ РАЙОНЕ С МЕСТОМ ДИСЛОКАЦИИ В ПОС УСТЬУДА;;380-043;129280;;380-043
8488;ОТДЕЛЕНИЕ УФМС РОССИИ ПО РЕСПУБЛИКЕ ДАГЕСТАН В ТАРУМОВСКОМ РНЕ;;050-041;128439;;050-041
8530;ТП УФМС РОССИИ ПО КИРОВСКОЙ ОБЛАСТИ В СВЕЧИНСКОМ РАЙОНЕ;;430-029;128737;;430-029
8533;ТП УФМС РОССИИ ПО КИРОВСКОЙ ОБЛАСТИ В ТУЖИНСКОМ РАЙОНЕ;;430-033;128740;;430-033
8534;ТП УФМС РОССИИ ПО КИРОВСКОЙ ОБЛАСТИ В УНИНСКОМ РАЙОНЕ;;430-034;128741;;430-034
8535;ТП УФМС РОССИИ ПО КИРОВСКОЙ ОБЛАСТИ В ШАБАЛИНСКОМ РАЙОНЕ;;430-037;128742;;430-037
8540;ОВД ЗАТО УГЛЕГОРСК АМУРСКОЙ ОБЛ;;282-026;128414;;282-026
13313;ОТДЕЛ УФМС РОССИИ ПО АЛТАЙСКОМУ КРАЮ И РЕСПУБЛИКЕ АЛТАЙ В Г РУБЦОВСКЕ;;220-044;129596;;220-044
13314;ОТДЕЛ УФМС РОССИИ ПО АЛТАЙСКОМУ КРАЮ И РЕСПУБЛИКЕ АЛТАЙ В Г РУБЦОВСКЕ;;220-044;129597;;220-044
13315;ОТДЕЛ УФМС РОССИИ ПО АЛТАЙСКОМУ КРАЮ И РЕСПУБЛИКЕ АЛТАЙ В Г РУБЦОВСКЕ;;220-044;129598;;220-044
13512;УФМС РОССИИ ПО СТАВРОПОЛЬСКОМУ КРАЮ И КАРАЧАЕВОЧЕРКЕССКОЙ РЕСПУБЛИКЕ;;260-001;129809;;260-001
13609;ОТДЕЛЕНИЕ ПО ВОПРОСАМ МИГРАЦИИ ОТДЕЛА МИНИСТЕРСТВА ВНУТРЕННИХ ДЕЛ РОССИЙСКОЙ ФЕДЕРАЦИИ ПО БУЗДЯКСКОМУ РАЙОНУ;;020-038;140046;;020-038
13637;ОТДЕЛЕНИЕ ПО ВОПРОСАМ МИГРАЦИИ ОТДЕЛА МИНИСТЕРСТВА ВНУТРЕННИХ ДЕЛ РОССИЙСКОЙ ФЕДЕРАЦИИ ПО ХАЙБУЛЛИНСКОМУ РАЙОНУ;;020-066;140074;;020-066
13682;ОТДЕЛ ПО ВОПРОСАМ МИГРАЦИИ УМВД РОССИИ В Г МАХАЧКАЛА;;050-002;140119;;050-002
13683;ОТДЕЛ ПО ВОПРОСАМ МИГРАЦИИ ОМВД РОССИИ ПО Г БУЙНАКСКУ МВД РОССИИ ПО РЕСПУБЛИКЕ ДАГЕСТАН;;050-003;140120;;050-003
13690;МИГРАЦИОННЫЙ ПУНКТ ОТДЕЛЕНИЯ МВД РОССИИ ПО Г ЮЖНОСУХОКУМСКУ МВД РОССИИ ПО РЕСПУБЛИКЕ ДАГЕСТАН;;050-010;140127;;050-010
13691;МИГРАЦИОННЫЙ ПУНКТ ОТДЕЛЕНИЯ МВД РОССИИ ПО Г ДАГЕСТАНСКИЕ ОГНИ МВД РОССИИ ПО РЕСПУБЛИКЕ ДАГЕСТАН;;050-011;140128;;050-011
13692;МИГРАЦИОННЫЙ ПУНКТ ОТДЕЛЕНИЯ МВД РОССИИ ПО АГУЛЬСКОМУ РАЙОНУ МВД РОССИИ ПО РЕСПУБЛИКЕ ДАГЕСТАН;;050-012;140129;;050-012
13707;МИГРАЦИОННЫЙ ПУНКТ ОТДЕЛЕНИЯ МВД РОССИИ ПО КУРАХСКОМУ РАЙОНУ МВД РОССИИ ПО РЕСПУБЛИКЕ ДАГЕСТАН;;050-027;140144;;050-027
13709;МИГРАЦИОННЫЙ ПУНКТ ОМВД РОССИИ ПО ЛЕВАШИНСКОМУ РАЙОНУ;;050-029;140146;;050-029
13723;МИГРАЦИОННЫЙ ПУНКТ ОТДЕЛЕНИЯ МВД РОССИИ ПО ЦУНТИНСКОМУ РАЙОНУ МВД РОССИИ ПО РЕСПУБЛИКЕ ДАГЕСТАН;;050-043;140160;;050-043
13727;ГРУППА ПО ВОПРОСАМ МИГРАЦИИ МИГРАЦИОННОГО ПУНКТА ОМВД РОССИИ ПО КАЗБЕКОВСКОМУ РАЙОНУ П ДУБКИ МВД РОССИИ ПО РЕСПУБЛИКЕ ДАГЕСТАН;;050-054;140164;;050-054
13728;ГРУППА ПО ВОПРОСАМ МИГРАЦИИ МИГРАЦИОННОГО ПУНКТА ОМВД РОССИИ ПО ТАРУМОВСКОМУ РАЙОНУ П КОЧУБЕЙ МВД РОССИИ ПО РЕСПУБЛИКЕ ДАГЕСТАН;;050-055;140165;;050-055
13729;ГРУППА ПО ВОПРОСАМ МИГРАЦИИ МИГРАЦИОННОГО ПУНКТА ОТДЕЛЕНИЯ МВД РОССИИ ПО ЦУНТИНСКОМУ РАЙОНУ С БЕЖТА МВД РОССИИ ПО РЕСПУБЛИКЕ ДАГЕСТАН;;050-056;140166;;050-056
13741;ОТДЕЛЕНИЕ ПО ВОПРОСАМ МИГРАЦИИ МО МВД РОССИИ УРВАНСКИЙ;;070-004;140178;;070-004
13766;ОТДЕЛЕНИЕ ПО ВОПРОСАМ МИГРАЦИИ ОТДЕЛА МВД РОССИИ ПО МАЛОКАРАЧАЕВСКОМУ РАЙОНУ МВД РОССИИ ПО КАРАЧАЕВАЧЕРКЕССКОЙ РЕСПУБЛИКИ;;090-005;140203;;090-005
13792;МИГРАЦИОННЫЙ ПУНКТ ОМВД РОССИИ ПО СУОЯРВСКОМУ РАЙОНУ;;100-019;140229;;100-019
13854;МИГРАЦИОННЫЙ ПУНКТ ОТДЕЛЕНИЯ МВД РОССИИ ПО ВИЛЮЙСКОМУ РАЙОНУ;;140-012;140291;;140-012
13901;УПРАВЛЕНИЕ ПО ВОПРОСАМ МИГРАЦИИ МВД ПО РЕСПУБЛИКЕ ТАТАРСТАН МВД РОССИИ ПО РЕСПУБЛИКЕ ТАТАРСТАН;;160-001;140338;;160-001
13902;ОТДЕЛ ПО ВОПРОСАМ МИГРАЦИИ ОТДЕЛА ПОЛИЦИИ 1 АВИАСТРОИТЕЛЬНЫЙ УМВД РОССИИ ПО Г КАЗАНИ МВД РОССИИ ПО РЕСПУБЛИКЕ ТАТАРСТАН;;160-002;140339;;160-002
13903;ОТДЕЛ ПО ВОПРОСАМ МИГРАЦИИ ОТДЕЛА ПОЛИЦИИ 2 ВИШНЕВСКИЙ УМВД РОССИИ ПО Г КАЗАНИ МВД РОССИИ ПО РЕСПУБЛИКЕ ТАТАРСТАН;;160-003;140340;;160-003
13904;ОТДЕЛ ПО ВОПРОСАМ МИГРАЦИИ ОТДЕЛА ПОЛИЦИИ 3 ЗАРЕЧЕНСКИЙ УМВД РОССИИ ПО Г КАЗАНИ МВД РОССИИ ПО РЕСПУБЛИКЕ ТАТАРСТАН;;160-004;140341;;160-004
13905;ОТДЕЛ ПО ВОПРОСАМ МИГРАЦИИ ОТДЕЛА ПОЛИЦИИ 11 ВОСХОД УМВД РОССИИ ПО Г КАЗАНИ МВД РОССИИ ПО РЕСПУБЛИКЕ ТАТАРСТАН;;160-005;140342;;160-005
13906;ОТДЕЛ ПО ВОПРОСАМ МИГРАЦИИ ОТДЕЛА ПОЛИЦИИ 7 ГАГАРИНСКИЙ УМВД РОССИИ ПО Г КАЗАНИ МВД РОССИИ ПО РЕСПУБЛИКЕ ТАТАРСТАН;;160-006;140343;;160-006
13907;ОТДЕЛ ПО ВОПРОСАМ МИГРАЦИИ ОТДЕЛА ПОЛИЦИИ 15 ТАНКОДРОМ УМВД РОССИИ ПО Г КАЗАНИ МВД РОССИИ ПО РЕСПУБЛИКЕ ТАТАРСТАН;;160-007;140344;;160-007
13909;ОТДЕЛ ПО ВОПРОСАМ МИГРАЦИИ ОТДЕЛА ПОЛИЦИИ 1 АВТОЗАВОДСКИЙ УМВД РОССИИ ПО Г НАБЕРЕЖНЫЕ ЧЕЛНЫ МВД РОССИИ ПО РЕСПУБЛИКЕ ТАТАРСТАН;;160-009;140346;;160-009
13910;ОТДЕЛ ПО ВОПРОСАМ МИГРАЦИИ ОТДЕЛА ПОЛИЦИИ 2 КОМСОМОЛЬСКИЙ УМВД РОССИИ ПО Г НАБЕРЕЖНЫЕ ЧЕЛНЫ МВД РОССИИ ПО РЕСПУБЛИКЕ ТАТАРСТАН;;160-010;140347;;160-010
13911;ОТДЕЛ ПО ВОПРОСАМ МИГРАЦИИ ОТДЕЛА ПОЛИЦИИ 3 ЦЕНТРАЛЬНЫЙ УМВД РОССИИ ПО Г НАБЕРЕЖНЫЕ ЧЕЛНЫ МВД РОССИИ ПО РЕСПУБЛИКЕ ТАТАРСТАН;;160-011;140348;;160-011
13912;МИГРАЦИОННЫЙ ПУНКТ ОМВД РОССИИ ПО ТУКАЕВСКОМУ РАЙОНУ МВД РОССИИ ПО РЕСПУБЛИКЕ ТАТАРСТАН;;160-012;140349;;160-012
13913;ОТДЕЛ ПО ВОПРОСАМ МИГРАЦИИ УМВД РОССИИ ПО НИЖНЕКАМСКОМУ РАЙОНУ МВД РОССИИ ПО РЕСПУБЛИКЕ ТАТАРСТАН;;160-013;140350;;160-013
13914;МИГРАЦИОННЫЙ ПУНКТ ОТДЕЛА ПОЛИЦИИ КАМСКОПОЛЯНСКИЙ УМВД РОССИИ ПО НИЖНЕКАСМКОМУ РАЙОНУ МВД РОССИИ ПО РЕСПУБЛИКЕ ТАТАРСТАН;;160-014;140351;;160-014
13915;ОТДЕЛ ПО ВОПРОСАМ МИГРАЦИИ ОМВД РОССИИ ПО АЛЬМЕТЬЕВСКОМУ РАЙОНУ МВД РОССИИ ПО РЕСПУБЛИКЕ ТАТАРСТАН;;160-015;140352;;160-015
13917;ОТДЕЛЕНИЕ ПО ВОПРОСАМ МИГРАЦИИ ОМВД РОССИИ ПО АЗНАКАЕВСКОМУ РАЙОНУ МВД РОССИИ ПО РЕСПУБЛИКЕ ТАТАРСТАН;;160-017;140354;;160-017
13919;ОТДЕЛ ПО ВОПРОСАМ МИГРАЦИИ ОМВД РОССИИ ПО БУГУЛЬМИНСКОМУ РАЙОНУ МВД РОССИИ ПО РЕСПУБЛИКЕ ТАТАРСТАН;;160-019;140356;;160-019
13920;ОТДЕЛЕНИЕ ПО ВОПРОСАМ МИГРАЦИИ ОМВД РОССИИ ПО БУИНСКОМУ РАЙОНУ МВД РОССИИ ПО РЕСПУБЛИКЕ ТАТАРСТАН;;160-020;140357;;160-020
13921;ОТДЕЛ ПО ВОПРОСАМ МИГРАЦИИ ОМВД РОССИИ ПО ЕЛАБУЖСКОМУ РАЙОНУ МВД РОССИИ ПО РЕСПУБЛИКЕ ТАТАРСТАН;;160-021;140358;;160-021
13923;ОТДЕЛ ПО ВОПРОСАМ МИГРАЦИИ ОМВД РОССИИ ПО ЛЕНИНОГОРСКОМУ РАЙОНУ МВД РОССИИ ПО РЕСПУБЛИКЕ ТАТАРСТАН;;160-023;140360;;160-023
13924;ОТДЕЛЕНИЕ ПО ВОПРОСАМ МИГРАЦИИ ОМВД РОССИИ ПО НУРЛАТСКОМУ РАЙОНУ МВД РОССИИ ПО РЕСПУБЛИКЕ ТАТАРСТАН;;160-024;140361;;160-024
13925;ОТДЕЛ ПО ВОПРОСАМ МИГРАЦИИ ОМВД РОССИИ ПО ЧИСТОПОЛЬСКОМУ РАЙОНУ МВД РОССИИ ПО РЕСПУБЛИКЕ ТАТАРСТАН;;160-025;140362;;160-025
13926;ОТДЕЛЕНИЕ ПО ВОПРОСАМ МИГРАЦИИ ОМВД РОССИИ ПО АГРЫЗСКОМУ РАЙОНУ МВД РОССИИ ПО РЕСПУБЛИКЕ ТАТАРСТАН;;160-026;140363;;160-026
13927;МИГРАЦИОННЫЙ ПУНКТ ОМВД РОССИИ ПО АКСУБАЕВСКОМУ РАЙОНУ МВД РОССИИ ПО РЕСПУБЛИКЕ ТАТАРСТАН;;160-027;140364;;160-027
13928;ОТДЕЛЕНИЕ ПО ВОПРОСАМ МИГРАЦИИ ОМВД РОССИИ ПО АКТАНЫШСКОМУ РАЙОНУ МВД РОССИИ ПО РЕСПУБЛИКЕ ТАТАРСТАН;;160-028;140365;;160-028
13929;МИГРАЦИОННЫЙ ПУНКТ ОМВД РОССИИ ПО АЛЕКСЕЕВСКОМУ РАЙОНУ МВД РОССИИ ПО РЕСПУБЛИКЕ ТАТАРСТАН;;160-029;140366;;160-029
13930;МИГРАЦИОННЫЙ ПУНКТ ОМВД РОССИИ ПО АЛЬКЕЕВСКОМУ РАЙОНУ МВД РОССИИ ПО РЕСПУБЛИКЕ ТАТАРСТАН;;160-030;140367;;160-030
13931;МИГРАЦИОННЫЙ ПУНКТ ОМВД РОССИИ ПО АПАСТОВСКОМУ РАЙОНУ МВД РОССИИ ПО РЕСПУБЛИКЕ ТАТАРСТАН;;160-031;140368;;160-031
13932;ОТДЕЛЕНИЕ ПО ВОПРОСАМ МИГРАЦИИ ОМВД РОССИИ ПО АРСКОМУ РАЙОНУ МВД РОССИИ ПО РЕСПУБЛИКЕ ТАТАРСТАН;;160-032;140369;;160-032
13933;МИГРАЦИОННЫЙ ПУНКТ ОМВД РОССИИ ПО АТНИНСКОМУ РАЙОНУ МВД РОССИИ ПО РЕСПУБЛИКЕ ТАТАРСТАН;;160-033;140370;;160-033
13934;ОТДЕЛЕНИЕ ПО ВОПРОСАМ МИГРАЦИИ ОМВД РОССИИ ПО БАЛТАСИНСКОМУ РАЙОНУ МВД РОССИИ ПО РЕСПУБЛИКЕ ТАТАРСТАН;;160-034;140371;;160-034
13935;ОТДЕЛЕНИЕ ПО ВОПРОСАМ МИГРАЦИИ МО МВД РОССИИ ВЕРХНЕУСЛОНСКИЙ МВД РОССИИ ПО РЕСПУБЛИКЕ ТАТАРСТАН;;160-035;140372;;160-035
13937;МИГРАЦИОННЫЙ ПУНКТ ОМВД РОССИИ ПО ДРОЖЖАНОВСКОМУ РАЙОНУ МВД РОССИИ ПО РЕСПУБЛИКЕ ТАТАРСТАН;;160-037;140374;;160-037
13938;МИГРАЦИОННЫЙ ПУНКТ ОТДЕЛЕНИЯ ПОЛИЦИИ КАМСКОУСТЬИНСКОЕ МО МВД РОССИИ ВЕРХНЕУСЛОНСКИЙ МВД РОССИИ ПО РЕСПУБЛИКЕ ТАТАРСТАН;;160-038;140375;;160-038
13939;МИГРАЦИОННЫЙ ПУНКТ ОМВД РОССИИ ПО КАЙБИЦКОМУ РАЙОНУ МВД РОССИИ ПО РЕСПУБЛИКЕ ТАТАРСТАН;;160-039;140376;;160-039
13941;ОТДЕЛЕНИЕ ПО ВОПРОСАМ МИГРАЦИИ ОМВД РОССИИ ПО ЛАИШЕВСКОМУ РАЙОНУ МВД РОССИИ ПО РЕСПУБЛИКЕ ТАТАРСТАН;;160-041;140378;;160-041
13942;ОТДЕЛЕНИЕ ПО ВОПРОСАМ МИГРАЦИИ ОМВД РОССИИ ПО МАМАДЫШСКОМУ РАЙОНУ МВД РОССИИ ПО РЕСПУБЛИКЕ ТАТАРСТАН;;160-042;140379;;160-042
13944;МИГРАЦИОННЫЙ ПУНКТ ОМВД РОССИИ ПО МЕНЗЕЛИНСКОМУ РАЙОНУ МВД РОССИИ ПО РЕСПУБЛИКЕ ТАТАРСТАН;;160-044;140381;;160-044
13945;МИГРАЦИОННЫЙ ПУНКТ ОМВД РОССИИ ПО МУСЛЮМОВСКОМУ РАЙОНУ МВД РОССИИ ПО РЕСПУБЛИКЕ ТАТАРСТАН;;160-045;140382;;160-045
13946;МИГРАЦИОННЫЙ ПУНКТ ОМВД РОССИИ ПО НОВОШЕШМИНСКОМУ РАЙОНУ МВД РОССИИ ПО РЕСПУБЛИКЕ ТАТАРСТАН;;160-046;140383;;160-046
13948;ОТДЕЛЕНИЕ ПО ВОПРОСАМ МИГРАЦИИ ОМВД РОССИИ ПО РЫБНОСЛОБОДСКОМУ РАЙОНУ МВД РОССИИ ПО РЕСПУБЛИКЕ ТАТАРСТАН;;160-048;140385;;160-048
13949;ОТДЕЛЕНИЕ ПО ВОПРОСАМ МИГРАЦИИ ОМВД РОССИИ ПО САБИНСКОМУ РАЙОНУ МВД РОССИИ ПО РЕСПУБЛИКЕ ТАТАРСТАН;;160-049;140386;;160-049
13951;МИГРАЦИОННЫЙ ПУНКТ ОМВД РОССИИ ПО СПАССКОМУ РАЙОНУ МВД РОССИИ ПО РЕСПУБЛИКЕ ТАТАРСТАН;;160-051;140388;;160-051
13952;МИГРАЦИОННЫЙ ПУНКТ ОМВД РОССИИ ПО ТЕТЮШСКОМУ РАЙОНУ МВД РОССИИ ПО РЕСПУБЛИКЕ ТАТАРСТАН;;160-052;140389;;160-052
13953;МИГРАЦИОННЫЙ ПУНКТ ОМВД РОССИИ ПО ТЮЛЯЧИНСКОМУ РАЙОНУ МВД РОССИИ ПО РЕСПУБЛИКЕ ТАТАРСТАН;;160-053;140390;;160-053
13954;МИГРАЦИОННЫЙ ПУНКТ ОМВД РОССИИ ПО ЧЕРЕМШАНСКОМУ РАЙОНУ МВД РОССИИ ПО РЕСПУБЛИКЕ ТАТАРСТАН;;160-054;140391;;160-054
13955;МИГРАЦИОННЫЙ ПУНКТ ОМВД РОССИИ ПО ЮТАЗИНСКОМУ РАЙОНУ МВД РОССИИ ПО РЕСПУБЛИКЕ ТАТАРСТАН;;160-055;140392;;160-055
14006;УПРАВЛЕНИЕ ПО ВОПРОСАМ МИГРАЦИИ МВД ПО ЧЕЧЕНСКОЙ РЕСПУБЛИКЕ МВД РОССИИ ПО ЧЕЧЕНСКОЙ РЕСПУБЛИКЕ;;200-001;140443;;200-001
14009;ОТДЕЛЕНИЕ ПО ВОПРОСАМ МИГРАЦИИ ОМВД РОССИИ ПО НАДТЕРЕЧНОМУ РАЙОНУ МВД РОССИИ ПО ЧЕЧЕНСКОЙ РЕСПУБЛИКЕ;;200-004;140446;;200-004
14010;ОТДЕЛ ПО ВОПРОСАМ МИГРАЦИИ ОМВД РОССИИ ПО УРУСМАРТАНОВСКОМУ РАЙОНУ МВД РОССИИ ПО ЧЕЧЕНСКОЙ РЕСПУБЛИКЕ;;200-005;140447;;200-005
14013;ОТДЕЛ ПО ВОПРОСАМ МИГРАЦИИ ОМВД РОССИИ ПО ШАЛИНСКОМУ РАЙОНУ МВД РОССИИ ПО ЧЕЧЕНСКОЙ РЕСПУБЛИКЕ;;200-008;140450;;200-008
14014;ОТДЕЛЕНИЕ ПО ВОПРОСАМ МИГРАЦИИ ОМВД РОССИИ ПО Г АРГУНУ МВД РОССИИ ПО ЧЕЧЕНСКОЙ РЕСПУБЛИКЕ;;200-009;140451;;200-009
14015;ОТДЕЛЕНИЕ ПО ВОПРОСАМ МИГРАЦИИ ОМВД РОССИИ ПО ВЕДЕНСКОМУ РАЙОНУ МВД РОССИИ ПО ЧЕЧЕНСКОЙ РЕСПУБЛИКЕ;;200-010;140452;;200-010
14016;ОТДЕЛ ПО ВОПРОСАМ МИГРАЦИИ ОМВД РОССИИ ПО ГРОЗНЕНСКОМУ РАЙОНУ МВД РОССИИ ПО ЧЕЧЕНСКОЙ РЕСПУБЛИКЕ;;200-011;140453;;200-011
14017;ОТДЕЛЕНИЕ ПО ВОПРОСАМ МИГРАЦИИ ОМВД РОССИИ ПО НАУРСКОМУ РАЙОНУ МВД РОССИИ ПО ЧЕЧЕНСКОЙ РЕСПУБЛИКЕ;;200-012;140454;;200-012
14018;ОТДЕЛЕНИЕ ПО ВОПРОСАМ МИГРАЦИИ ОМВД РОССИИ ПО ШАТОЙСКОМУ РАЙОНУ МВД РОССИИ ПО ЧЕЧЕНСКОЙ РЕСПУБЛИКЕ;;200-013;140455;;200-013
14019;ОТДЕЛЕНИЕ ПО ВОПРОСАМ МИГРАЦИИ ОМВД РОССИИ ПО ШЕЛКОВСКОМУ РАЙОНУ МВД РОССИИ ПО ЧЕЧЕНСКОЙ РЕСПУБЛИКЕ;;200-014;140456;;200-014
14020;ОТДЕЛ ПО ВОПРОСАМ МИГРАЦИИ ОМВД РОССИИ ПО ГУДЕРМЕССКОМУ РАЙОНУ МВД РОССИИ ПО ЧЕЧЕНСКОЙ РЕСПУБЛИКЕ;;200-015;140457;;200-015
14021;ОТДЕЛЕНИЕ ПО ВОПРОСАМ МИГРАЦИИ ОМВД РОССИИ ПО НОЖАЙЮРТОВСКОМУ РАЙОНУ МВД РОССИИ ПО ЧЕЧЕНСКОЙ РЕСПУБЛИКЕ;;200-016;140458;;200-016
14022;ОТДЕЛЕНИЕ ПО ВОПРОСАМ МИГРАЦИИ ОМВД РОССИИ ПО АЧХОЙМАРТАНОВСКОМУ РАЙОНУ МВД РОССИИ ПО ЧЕЧЕНСКОЙ РЕСПУБЛИКЕ;;200-017;140459;;200-017
14176;УПРАВЛЕНИЕ ПО ВОПРОСАМ МИГРАЦИИ ГУ МВД РОССИИ ПО КРАСНОЯРСКОМУ КРАЮ ГУ МВД РОССИИ ПО КРАСНОЯРСКОМУ КРАЮ;;240-001;140613;;240-001
14226;ОТДЕЛЕНИЕ ПО ВОПРОСАМ МИГРАЦИИ ОМВД РОСИИ ПО КЕЖЕМСКОМУ РАЙОНУ ГУ МВД РОССИИ ПО КРАСНОЯРСКОМУ КРАЮ;;240-056;140663;;240-056
14233;МИГРАЦИОННЫЙ ПУНКТ ОТДЕЛЕНИЯ ПОЛИЦИИ 1 МО МВД РОССИИ КАЗАЧИНСКИЙ ГУ МВД РОССИИ ПО КРАСНОЯРСКОМУ КРАЮ;;240-063;140670;;240-063
14238;ОТДЕЛЕНИЕ ПО ВОПРОСАМ МИГРАЦИИ ОМВД РОССИИ ПО ТУРУХАНСКОМУ РАЙОНУ ГУ МВД РОССИИ ПО КРАСНОЯРСКОМУ КРАЮ;;240-068;140675;;240-068
14246;МИГРАЦИОННЫЙ ПУНКТ ОТДЕЛЕНИЯ ПОЛИЦИИ 1 ОМВД РОССИИ ПО ЭВЕНКИЙСКОМУ РАЙОНУ ГУ МВД РОССИИ ПО КРАСНОЯРСКОМУ КРАЮ;;240-076;140683;;240-076
14247;МИГРАЦИОННЫЙ ПУНКТ ОТДЕЛЕНИЯ ПОЛИЦИИ 2 ОМВД РОССИИ ПО ЭВЕНКИЙСКОМУ РАЙОНУ ГУ МВД РОССИИ ПО КРАСНОЯРСКОМУ КРАЮ;;240-077;140684;;240-077
14269;МИГРАЦИОННЫЙ ПУНКТ 2 ДИСЛОКАЦИЯ ПГТ ЗАРУБИНО ПУНКТА ПОЛИЦИИ 23 ДИСЛОКАЦИЯ П КРАСКИНО ОМВД РОССИИ ПО ХАСАНСКОМУ РАЙОНУ;;250-023;140707;;250-023
14284;МИГРАЦИОННЫЙ ПУНКТ ДИСЛОКАЦИЯ С БАРАБАШ ОТДЕЛА ПО ВОПРОСАМ МИГРАЦИИ ОМВД РОССИИ ПО ХАСАНСКОМУ РАЙОНУ;;250-040;140722;;250-040
14287;ОТДЕЛЕНИЕ ПО ВОПРОСАМ МИГРАЦИИ ОМВД РОССИИ ПО ПОЖАРСКОМУ РАЙОНУ;;250-043;140725;;250-043
14290;МИГРАЦИОННЫЙ ПУНКТ 1 ПУНКТА ПОЛИЦИИ 23 ДИСЛОКАЦИЯ П КРАСКИНО ОМВД РОССИИ ПО ХАСАНСКОМУ РАЙОНУ;;250-047;140728;;250-047
14292;ОТДЕЛ ПО ВОПРОСАМ МИГРАЦИИ ОМВД РОССИИ ПО ХАСАНСКОМУ РАЙОНУ;;250-049;140730;;250-049
14350;УПРАВЛЕНИЕ ПО ВОПРОСАМ МИГРАЦИИ УМВД РОССИИ ПО АМУРСКОЙ ОБЛАСТИ УМВД РОССИИ ПО АМУРСКОЙ ОБЛАСТИ;;280-001;140789;;280-001
14351;ОТДЕЛ ПО ВОПРОСАМ МИГРАЦИИ МО МВД РОССИИ БЛАГОВЕЩЕНСКИЙ УМВД РОССИИ ПО АМУРСКОЙ ОБЛАСТИ;;280-002;140790;;280-002
14358;ОТДЕЛЕНИЕ ПО ВОПРОСАМ МИГРАЦИИ ОМВД РОССИИ ПО ИВАНОВСКОМУ РАЙОНУ УМВД РОССИИ ПО АМУРСКОЙ ОБЛАСТИ;;280-009;140797;;280-009
14367;ОТДЕЛЕНИЕ ПО ВОПРОСАМ МИГРАЦИИ ОМВД РОССИИ ПО СКОВОРОДИНСКОМУ РАЙОНУ УМВД РОССИИ ПО АМУРСКОЙ ОБЛАСТИ;;280-018;140806;;280-018
14368;ОТДЕЛЕНИЕ ПО ВОПРОСАМ МИГРАЦИИ ОМВД РОССИИ ПО СЕРЫШЕВСКОМУ РАЙОНУ УМВД РОССИИ ПО АМУРСКОЙ ОБЛАСТИ;;280-019;140807;;280-019
14369;ОТДЕЛЕНИЕ ПО ВОПРОСАМ МИГРАЦИИ ОМВД РОССИИ ПО ТАМБОВСКОМУ РАЙОНУ УМВД РОССИИ ПО АМУРСКОЙ ОБЛАСТИ;;280-020;140808;;280-020
14374;ОТДЕЛЕНИЕ ПО ВОПРОСАМ МИГРАЦИИ ОМВД РОССИИ ПО ЗАВИТИНСКОМУ РАЙОНУ УМВД РОССИИ ПО АМУРСКОЙ ОБЛАСТИ;;280-025;140813;;280-025
14404;УПРАВЛЕНИЕ ПО ВОПРОСАМ МИГРАЦИИ УМВД РОССИИ ПО АСТРАХАНСКОЙ ОБЛАСТИ УМВД РОССИИ ПО АСТРАХАНСКОЙ ОБЛАСТИ;;300-000;140843;;300-000
14405;ОТДЕЛ ПО ВОПРОСАМ МИГРАЦИИ УМВД РОССИИ ПО ГОРОДУ АСТРАХАНИ УМВД РОССИИ ПО АСТРАХАНСКОЙ ОБЛАСТИ;;300-001;140844;;300-001
14411;ОТДЕЛЕНИЕ ПО ВОПРОСАМ МИГРАЦИИ ОМВД РОССИИ ПО ЕНОТАЕВСКОМУ РАЙОНУ УМВД РОССИИ ПО АСТРАХАНСКОЙ ОБЛАСТИ;;300-007;140850;;300-007
14414;ОТДЕЛЕНИЕ ПО ВОПРОСАМ МИГРАЦИИ ОМВД РОССИИ ПО КРАСНОЯРСКОМУ РАЙОНУ УМВД РОССИИ ПО АСТРАХАНСКОЙ ОБЛАСТИ;;300-010;140853;;300-010
14417;ОТДЕЛЕНИЕ ПО ВОПРОСАМ МИГРАЦИИ ОМВД РОССИИ ПО ПРИВОЛЖСКОМУ РАЙОНУ УМВД РОССИИ ПО АСТРАХАНСКОЙ ОБЛАСТИ;;300-013;140856;;300-013
14420;ОТДЕЛ ПО ВОПРОСАМ МИГРАЦИИ МО МВД РОССИИ ПО ЗАТО ГОРОД ЗНАМЕНСК АСТРАХАНСКОЙ ОБЛАСТИ УМВД РОССИИ ПО АСТРАХАНСКОЙ ОБЛАСТИ;;300-016;140859;;300-016
14421;УПРАВЛЕНИЕ ПО ВОПРОСАМ МИГРАЦИИ УМВД РОССИИ ПО БЕЛГОРОДСКОЙ ОБЛАСТИ УМВД РОССИИ ПО БЕЛГОРОДСКОЙ ОБЛАСТИ;;310-001;140860;;310-001
14422;ОТДЕЛЕНИЕ 1 ОТДЕЛА ПО ВОПРОСАМ МИГРАЦИИ УМВД РОССИИ ПО Г БЕЛГОРОДУ УМВД РОССИИ ПО БЕЛГОРОДСКОЙ ОБЛАСТИ;;310-002;140861;;310-002
14423;ОТДЕЛЕНИЕ 2 ОТДЕЛА ПО ВОПРОСАМ МИГРАЦИИ УМВД РОССИИ ПО Г БЕЛГОРОДУ УМВД РОССИИ ПО БЕЛГОРОДСКОЙ ОБЛАСТИ;;310-003;140862;;310-003
14424;ОТДЕЛЕНИЕ 3 ОТДЕЛА ПО ВОПРОСАМ МИГРАЦИИ УМВД РОССИИ ПО Г БЕЛГОРОДУ УМВД РОССИИ ПО БЕЛГОРОДСКОЙ ОБЛАСТИ;;310-004;140863;;310-004
14425;ОТДЕЛ ПО ВОПРОСАМ МИГРАЦИИ ОМВД РОССИИ ПО БЕЛГОРОДСКОМУ РАЙОНУ УМВД РОССИИ ПО БЕЛГОРОДСКОЙ ОБЛАСТИ;;310-005;140864;;310-005
14426;МИГРАЦИОННЫЙ ПУНКТ ОМВД РОССИИ ПО ИВНЯНСКОМУ РАЙОНУ УМВД РОССИИ ПО БЕЛГОРОДСКОЙ ОБЛАСТИ;;310-006;140865;;310-006
14427;ОТДЕЛ ПО ВОПРОСАМ МИГРАЦИИ ОМВД РОССИИ ПО Г ГУБКИНУ УМВД РОССИИ ПО БЕЛГОРОДСКОЙ ОБЛАСТИ;;310-007;140866;;310-007
14428;ОТДЕЛ ПО ВОПРОСАМ МИГРАЦИИ ОМВД РОССИИ ПО АЛЕКСЕЕВСКОМУ РАЙОНУ И ГОРОДУ АЛЕКСЕЕВКЕ УМВД РОССИИ ПО БЕЛГОРОДСКОЙ ОБЛАСТИ;;310-008;140867;;310-008
14429;МИГРАЦИОННЫЙ ПУНКТ ОМВД РОССИИ ПО КРАСНЕНСКОМУ РАЙОНУ УМВД РОССИИ ПО БЕЛГОРОДСКОЙ ОБЛАСТИ;;310-009;140868;;310-009
14430;ОТДЕЛЕНИЕ ПО ВОПРОСАМ МИГРАЦИИ ОМВД РОССИИ ПО РОВЕНЬСКОМУ РАЙОНУ УМВД РОССИИ ПО БЕЛГОРОДСКОЙ ОБЛАСТИ;;310-010;140869;;310-010
14431;ОТДЕЛЕНИЕ ПО ВОПРОСАМ МИГРАЦИИ ОМВД РОССИИ ПО КРАСНОГВАРДЕЙСКОМУ РАЙОНУ УМВД РОССИИ ПО БЕЛГОРОДСКОЙ ОБЛАСТИ;;310-011;140870;;310-011
14432;ОТДЕЛ ПО ВОПРОСАМ МИГРАЦИИ ОМВД РОССИИ ПО Г ВАЛУЙКИ И ВАЛУЙСКОМУ РАЙОНУ УМВД РОССИИ ПО БЕЛГОРОДСКОЙ ОБЛАСТИ;;310-012;140871;;310-012
14434;ОТДЕЛЕНИЕ ПО ВОПРОСАМ МИГРАЦИИ ОМВД РОССИИ ПО ВОЛОКОНОВСКОМУ РАЙОНУ УМВД РОССИИ ПО БЕЛГОРОДСКОЙ ОБЛАСТИ;;310-014;140873;;310-014
14436;ОТДЕЛЕНИЕ ПО ВОПРОСАМ МИГРАЦИИ ОМВД РОССИИ ПО ПРОХОРОВСКОМУ РАЙОНУ УМВД РОССИИ ПО БЕЛГОРОДСКОЙ ОБЛАСТИ;;310-016;140875;;310-016
14439;ОТДЕЛЕНИЕ ПО ВОПРОСАМ МИГРАЦИИ ОМВД РОССИИ ПО РАКИТЯНСКОМУ РАЙОНУ УМВД РОССИИ ПО БЕЛГОРОДСКОЙ ОБЛАСТИ;;310-019;140878;;310-019
14440;ОТДЕЛЕНИЕ 1 ОТДЕЛА ПО ВОПРОСАМ МИГРАЦИИ УМВД РОССИИ ПО Г СТАРОМУ ОСКОЛУ УМВД РОССИИ ПО БЕЛГОРОДСКОЙ ОБЛАСТИ;;310-020;140879;;310-020
14441;ОТДЕЛЕНИЕ 2 ОТДЕЛА ПО ВОПРОСАМ МИГРАЦИИ УМВД РОССИИ ПО Г СТАРОМУ ОСКОЛУ УМВД РОССИИ ПО БЕЛГОРОДСКОЙ ОБЛАСТИ;;310-021;140880;;310-021
14442;ОТДЕЛЕНИЕ ПО ВОПРОСАМ МИГРАЦИИ ОМВД РОССИИ ПО НОВООСКОЛЬСКОМУ РАЙОНУ УМВД РОССИИ ПО БЕЛГОРОДСКОЙ ОБЛАСТИ;;310-022;140881;;310-022
14443;ОТДЕЛЕНИЕ ПО ВОПРОСАМ МИГРАЦИИ ОМВД РОССИИ ПО ЧЕРНЯНСКОМУ РАЙОНУ УМВД РОССИИ ПО БЕЛГОРОДСКОЙ ОБЛАСТИ;;310-023;140882;;310-023
14445;ОТДЕЛЕНИЕ ПО ВОПРОСАМ МИГРАЦИИ ОМВД РОССИИ ПО КОРОЧАНСКОМУ РАЙОНУ УМВД РОССИИ ПО БЕЛГОРОДСКОЙ ОБЛАСТИ;;310-025;140884;;310-025
14446;ОТДЕЛ ПО ВОПРОСАМ МИГРАЦИИ ОМВД РОССИИ ПО ЯКОВЛЕВСКОМУ РАЙОНУ УМВД РОССИИ ПО БЕЛГОРОДСКОЙ ОБЛАСТИ;;310-026;140885;;310-026
14451;МИГРАЦИОННЫЙ ПУНКТ ОТДЕЛА ПОЛИЦИИ БРАСОВСКИЙ МЕЖМУНИЦИПАЛЬНОГО ОТДЕЛА МИНИСТЕРСТВА ВНУТРЕННИХ ДЕЛ РОССИЙСКОЙ ФЕДЕРАЦИИ НАВЛИНСКИЙ РЕАЛИЗУЮЩЕГО ЗАДАЧИ И ФУНКЦИИ ОРГАНОВ ВНУТРЕННИХ ДЕЛ НА ТЕРРИТОРИИ БРАСОВСКОГО РАЙОНА;;320-005;140890;;320-005
14548;УПРАВЛЕНИЕ ПО ВОПРОСАМ МИГРАЦИИ УМВД РОССИИ ПО ВОЛОГОДСКОЙ ОБЛАСТИ УМВД РОССИИ ПО ВОЛОГОДСКОЙ ОБЛАСТИ;;350-001;140987;;350-001
14607;МИГРАЦИОННЫЙ ПУНКТ ОМВД РОССИИ ПО ПЕТРОПАВЛОВСКОМУ РАЙОНУВОРОНЕЖСКОЙ ОБЛАСТИ;;360-031;141046;;360-031
14702;ОТДЕЛ ПО ВОПРОСАМ МИГРАЦИИ МО МВД РОССИИ СОВЕТСКИЙ;;390-017;141141;;390-017
14722;МИГРАЦОННЫЙ ПУНКТ ОМВД РОССИИ ПО ПЕРЕМЫШЛЬСКОМУ РАЙОНУ;;400-012;141161;;400-012
14745;УПРАВЛЕНИЕ ПО ВОПРОСАМ МИГРАЦИИ ГУ МВД РОССИИ ПО КЕМЕРОВСКОЙ ОБЛАСТИ;;420-001;141184;;420-001
14752;ОТДЕЛ ПО ВОПРОСАМ МИГРАЦИИ МО МВД РОССИИ БЕЛОВСКИЙ;;420-008;141191;;420-008
14753;МИГРАЦИОННЫЙ ПУНКТ ОТДЕЛЕНИЯ ПОЛИЦИИ КРАСНОБРОДСКОЕ МО МВД РОССИИ БЕЛОВСКИЙ;;420-009;141192;;420-009
14759;ОТДЕЛЕНИЕ ПО ВОПРОСАМ МИГРАЦИИ ОМВД РОССИИ ПО МАРИИНСКОМУ РАЙОНУ;;420-016;141198;;420-016
14778;МИГРАЦИОННЫЙ ПУНКТ ОМВД РОССИИ ПО БЕЛОВСКОМУ РАЙОНУ;;420-035;141217;;420-035
14810;ОТДЕЛЕНИЕ ПО ВОПРОСАМ МИГРАЦИИ МО МВД РОССИИ МУРАШИНСКИЙ;;430-018;141249;;430-018
14835;ОТДЕЛЕНИЕ 4 ОТДЕЛА ПО ВОПРОСАМ МИГРАЦИИ УМВД РОССИИ ПО ГОРОДУ КОСТРОМЕ;;440-001;141274;;440-001
14868;ОТДЕЛЕНИЕ ПО ВОПРОСАМ МИГРАЦИИ МО МВД РОССИИ КАРГАПОЛЬСКИЙ УМВД РОССИИ ПО КУРГАНСКОЙ ОБЛАСТИ;;450-009;141307;;450-009
14870;ОТДЕЛЕНИЕ ПО ВОПРОСАМ МИГРАЦИИ ОМВД РОССИИ ПО КЕТОВСКОМУ РАЙОНУ УМВД РОССИИ ПО КУРГАНСКОЙ ОБЛАСТИ;;450-011;141309;;450-011
14881;МИГРАЦИОННЫЙ ПУНКТ ДИСЛОКАЦИЯ СШАТРОВО МО МВД РОССИИ КАРГАПОЛЬСКИЙ;;450-023;141320;;450-023
14885;УПРАВЛЕНИЕ ПО ВОПРОСАМ МИГРАЦИИ УМВД РОССИИ ПО КУРГАНСКОЙ ОБЛАСТИ УМВД РОССИИ ПО КУРГАНСКОЙ ОБЛАСТИ;;450-027;141324;;450-027
14941;УПРАВЛЕНИЕ ПО ВОПРОСАМ МИГРАЦИИ УМВД РОССИИ ПО ЛИПЕЦКОЙ ОБЛАСТИ УМВД РОССИИ ПО ЛИПЕЦКОЙ ОБЛАСТИ;;480-001;141380;;480-001
15029;ОТДЕЛ ПО ВОПРОСАМ МИГРАЦИИ УМВД РОССИИ ПО ЛЕНИНСКОМУ РАЙОНУ ГУ МВД РОССИИ ПО МОСКОВСКОЙ ОБЛАСТИ;;500-056;141468;;500-056
15030;МП 1 ОТДЕЛА ПО ВОПРОСАМ МИГРАЦИИ УМВД РОССИИ ПО ЛЕНИНСКОМУ РАЙОНУ ГУ МВД РОССИИ ПО МОСКОВСКОЙ ОБЛАСТИ;;500-057;141469;;500-057
15031;МП 2 ОТДЕЛА ПО ВОПРОСАМ МИГРАЦИИ УМВД РОССИИ ПО ЛЕНИНСКОМУ РАЙОНУ ГУ МВД РОССИИ ПО МОСКОВСКОЙ ОБЛАСТИ;;500-058;141470;;500-058
15033;ОТДЕЛЕНИЕ ПО ВОПРОСАМ МИГРАЦИИ ОМВД РОССИИ ПО ЛОТОШИНСКОМУ РАЙОНУ ГУ МВД РОССИИ ПО МОСКОВСКОЙ ОБЛАСТИ;;500-060;141472;;500-060
15114;ОТДЕЛ ПО ВОПРОСАМ МИГРАЦИИ МУ МВД РОССИИ СЕРПУХОВСКОЕ ГУ МВД РОССИИ ПО МОСКОВСКОЙ ОБЛАСТИ;;500-141;141553;;500-141
15115;МП 1 ОТДЕЛА ПО ВОПРОСАМ МИГРАЦИИ МУ МВД РОССИИ СЕРПУХОВСКОЕ ГУ МВД РОССИИ ПО МОСКОВСКОЙ ОБЛАСТИ;;500-142;141554;;500-142
15116;МП 2 ОТДЕЛА ПО ВОПРОСАМ МИГРАЦИИ МУ МВД РОССИИ СЕРПУХОВСКОЕ ГУ МВД РОССИИ ПО МОСКОВСКОЙ ОБЛАСТИ;;500-143;141555;;500-143
15123;ОТДЕЛЕНИЕ ПО ВОПРОСАМ МИГРАЦИИ ОМВД РОССИИ ПО ТАЛДОМСКОМУ РАЙОНУ ГУ МВД РОССИИ ПО МОСКОВСКОЙ ОБЛАСТИ;;500-150;141562;;500-150
15124;МП 1 ОТДЕЛЕНИЯ ПО ВОПРОСАМ МИГРАЦИИ ОМВД РОССИИ ПО ТАЛДОМСКОМУ РАЙОНУ ГУ МВД РОССИИ ПО МОСКОВСКОЙ ОБЛАСТИ;;500-151;141563;;500-151
15173;ОТДЕЛ ПО ВОПРОСАМ МИГРАЦИИ ОТДЕЛА МВД РОССИИ ПО ГОРОДУ АРЗАМАСУ;;520-011;141612;;520-011
15180;МИГРАЦИОННЫЙ ПУНКТ ОТДЕЛА МВД РОССИИ ПО ВОСКРЕСЕНСКОМУ РАЙОНУ;;520-019;141619;;520-019
15185;ОТДЕЛЕНИЕ ПО ВОПРОСАМ МИГРАЦИИ ОТДЕЛА МВД РОССИИ ПО ДАЛЬНЕКОНСТАНТИНОВСКОМУ РАЙОНУ;;520-024;141624;;520-024
15198;ОТДЕЛЕНИЕ ПО ВОПРОСАМ МИГРАЦИИ ОТДЕЛА МВД РОССИИ ПО ЛУКОЯНОВСКОМУ РАЙОНУ;;520-037;141637;;520-037
15216;МИГРАЦИОННЫЙ ПУНКТ ОТДЕЛА МВД РОССИИ ПО ШАТКОВСКОМУ РАЙОНУ;;520-055;141655;;520-055
15217;УПРАВЛЕНИЕ ПО ВОПРОСАМ МИГРАЦИИ УМВД РОССИИ ПО НОВГОРОДСКОЙ ОБЛАСТИ УМВД РОССИИ ПО НОВГОРОДСКОЙ ОБЛАСТИ;;530-001;141656;;530-001
15323;УПРАВЛЕНИЕ ПО ВОПРОСАМИ МИГРАЦИИ УМВД РОССИИ ПО ОРЕНБУРГСКОЙ ОБЛАСТИ;;560-000;141762;;560-000
15434;МИГРАЦИОННЫЙ ПУНКТ ОТДЕЛА ПОЛИЦИИ ДИСЛОКАЦИЯ Г КИЗЕЛ МЕЖМУНИЦИПАЛЬНОГО ОТДЕЛА МВД РОССИИ ГУБАХИНСКИЙ;;590-021;141873;;590-021
15439;ОТДЕЛ ПО ВОПРОСАМ МИГРАЦИИ ОТДЕЛА МВД РОССИИ ПО КРАСНОКАМСКОМУ РАЙОНУ;;590-026;141878;;590-026
15448;МИГРАЦИОННЫЙ ПУНКТ ОТДЕЛЕНИЯ МВД РОССИИ ПО ОХАНСКОМУ РАЙОНУ;;590-035;141887;;590-035
15450;ОТДЕЛ ПО ВОПРОСАМ МИГРАЦИИ ОТДЕЛА МВД РОССИИ ПО ПЕРМСКОМУ РАЙОНУ;;590-037;141889;;590-037
15462;МИГРАЦИОННЫЙ ПУНКТ ОТДЕЛЕНИЯ ПОЛИЦИИ ДИСЛОКАЦИЯ Г ГРЕМЯЧИНСК МЕЖМУНИЦИПАЛЬНОГО ОТДЕЛА МВД РОССИИ ЧУСОВСКОЙ;;590-049;141901;;590-049
15583;ОТДЕЛЕНИЕ ПО ВОПРОСАМ МИГРАЦИИ ОТДЕЛА ПОЛИЦИИ 6 САМАРСКИЙ РАЙОН УМВД РОССИИ ПО ГОРОДУ САМАРЕ ГУ МВД РОССИИ ПО САМАРСКОЙ ОБЛАСТИ;;630-001;142022;;630-001
15584;ОТДЕЛ ПО ВОПРОСАМ МИГРАЦИИ ОТДЕЛА ПОЛИЦИИ 3 СОВЕТСКИЙ РАЙОН УМВД РОССИИ ПО ГОРОДУ САМАРЕ ГУ МВД РОССИИ ПО САМАРСКОЙ ОБЛАСТИ;;630-002;142023;;630-002
15585;ОТДЕЛЕНИЕ ПО ВОПРОСАМ МИГРАЦИИ ОТДЕЛА ПОЛИЦИИ 9 ЖЕЛЕЗНОДОРОЖНЫЙ РАЙОН УМВД РОССИИ ПО ГОРОДУ САМАРЕ ГУ МВД РОССИИ ПО САМАРСКОЙ ОБЛАСТИ;;630-003;142024;;630-003
15586;ОТДЕЛ ПО ВОПРОСАМ МИГРАЦИИ ОТДЕЛА ПОЛИЦИИ 24 ЦЕНТРАЛЬНЫЙ РАЙОН УМВД РОССИИ ПО ГОРОДУ ТОЛЬЯТТИ ГУ МВД РОССИИ ПО САМАРСКОЙ ОБЛАСТИ;;630-004;142025;;630-004
15587;ОТДЕЛ ПО ВОПРОСАМ МИГРАЦИИ ОТДЕЛА ПОЛИЦИИ 2 ПРОМЫШЛЕННЫЙ РАЙОН УМВД РОССИИ ПО ГОРОДУ САМАРЕ ГУ МВД РОССИИ ПО САМАРСКОЙ ОБЛАСТИ;;630-005;142026;;630-005
15588;ОТДЕЛ ПО ВОПРОСАМ МИГРАЦИИ ОТДЕЛА ПОЛИЦИИ 1 КИРОВСКИЙ РАЙОН УМВД РОССИИ ПО ГОРОДУ САМАРЕ ГУ МВД РОССИИ ПО САМАРСКОЙ ОБЛАСТИ;;630-006;142027;;630-006
15590;ОТДЕЛЕНИЕ ПО ВОПРОСАМ МИГРАЦИИ ОТДЕЛА ПОЛИЦИИ 8 КРАСНОГЛИНСКИЙ РАЙОН УМВД РОССИИ ПО ГОРОДУ САМАРЕ ГУ МВД РОССИИ ПО САМАРСКОЙ ОБЛАСТИ;;630-008;142029;;630-008
15592;ОТДЕЛЕНИЕ ПО ВОПРОСАМ МИГРАЦИИ ОТДЕЛА ПОЛИЦИИ 4 ОКТЯБРЬСКИЙ РАЙОН УМВД РОССИИ ПО ГОРОДУ САМАРЕ ГУ МВД РОССИИ ПО САМАРСКОЙ ОБЛАСТИ;;630-010;142031;;630-010
15593;ОТДЕЛЕНИЕ ПО ВОПРОСАМ МИГРАЦИИ ОТДЕЛА ПОЛИЦИИ 5 ЛЕНИНСКИЙ РАЙОН УМВД РОССИИ ПО ГОРОДУ САМАРЕ ГУ МВД РОССИИ ПО САМАРСКОЙ ОБЛАСТИ;;630-011;142032;;630-011
15606;МИГРАЦИОННЫЙ ПУНКТ ОТДЕЛЕНИЯ ПОЛИЦИИ 58 АЛЕКСЕЕВСКИЙ РАЙОН МО МВД РОССИИ НЕФТЕГОРСКИЙ ГУ МВД РОССИИ ПО САМАРСКОЙ ОБЛАСТИ;;630-024;142045;;630-024
15614;ОТДЕЛЕНИЕ ПО ВОПРОСАМ МИГРАЦИИ ОТДЕЛА ПОЛИЦИИ 7 КУЙБЫШЕВСКИЙ РАЙОН УМВД РОССИИ ПО ГОРОДУ САМАРЕ ГУ МВД РОССИИ ПО САМАРСКОЙ ОБЛАСТИ;;630-032;142053;;630-032
15615;ОТДЕЛ ПО ВОПРОСАМ МИГРАЦИИ ОТДЕЛА ПОЛИЦИИ 21 УМВД РОССИИ ПО ГОРОДУ ТОЛЬЯТТИ ГУ МВД РОССИИ ПО САМАРСКОЙ ОБЛАСТИ;;630-033;142054;;630-033
15622;ОТДЕЛЕНИЕ ПО ВОПРОСАМ МИГРАЦИИ ОТДЕЛА ПОЛИЦИИ 23 КОМСОМОЛЬСКИЙ РАЙОН УМВД РОССИИ ПО ГОРОДУ ТОЛЬЯТТИ ГУ МВД РОССИИ ПО САМАРСКОЙ ОБЛАСТИ;;630-040;142061;;630-040
15824;ОТДЕЛЕНИЕ ПО ВОПРОСАМ МИГРАЦИИ ОТДЕЛА МВД РОССИИ ПО БОЛОГОВСКОМУ РАЙОНУ;;690-008;142263;;690-008
15713;МИГРАЦИОННЫЙ ПУНКТ ОТДЕЛА ПОЛИЦИИ 27 МО МВД РОССИИ БАЙКАЛОВСКИЙ ГУ МВД РОССИИ ПО СВЕРДЛОВСКОЙ ОБЛАСТИ;;660-019;142152;;660-019
15733;МИГРАЦИОННЫЙ ПУНКТ ОТДЕЛА ПОЛИЦИИ 26 МО МВД РОССИИ КРАСНОУФИМСКИЙ ГУ МВД РОССИИ ПО СВЕРДЛОВСКОЙ ОБЛАСТИ;;660-039;142172;;660-039
15740;ОТДЕЛЕНИЕ ПО ВОПРОСАМ МИГРАЦИИ ОТДЕЛА ПОЛИЦИИ 33 МО МВД РОССИИ НОВОЛЯЛИНСКИЙ ГУ МВД РОССИИ ПО СВЕРДЛОВСКОЙ ОБЛАСТИ;;660-046;142179;;660-046
15749;МИГРАЦИОННЫЙ ПУНКТ ОТДЕЛЕНИЯ ПОЛИЦИИ 20 МО МВД РОССИИ СЕРОВСКИЙ ГУ МВД РОССИИ ПО СВЕРДЛОВСКОЙ ОБЛАСТИ;;660-055;142188;;660-055
15761;ОТДЕЛЕНИЕ ПО ОФОРМЛЕНИЮ ОСНОВНОГО ДОКУМЕНТА УДОСТОВЕРЯЮЩЕГО ЛИЧНОСТЬ ГРАЖДАНИНА РОССИЙСКОЙ ФЕДЕРАЦИИ НА ТЕРРИТОРИИ РОССИЙСКОЙ ФЕДЕРАЦИИ ОТДЕЛА ПО ВОПРОСАМ МИГРАЦИИ УМВД РОССИИ ПО Г СМОЛЕНСКУ УМВД РОССИИ ПО СМОЛЕНСКОЙ ОБЛАСТИ;;670-001;142200;;670-001
15762;ОТДЕЛЕНИЕ ПО РЕГИСТРАЦИОННОМУ УЧЕТУ ГРАЖДАН РОССИЙСКОЙ ФЕДЕРАЦИИ ОТДЕЛА ПО ВОПРОСАМ МИГРАЦИИ УМВД РОССИИ ПО ГСМОЛЕНСКУ УМВД РОССИИ ПО СМОЛЕНСКОЙ ОБЛАСТИ;;670-002;142201;;670-002
15763;МИГРАЦИОННЫЙ ПУНКТ ОМВД РОССИИ ПО Г ДЕСНОГОРСКУ УМВД РОССИИ ПО СМОЛЕНСКОЙ ОБЛАСТИ;;670-004;142202;;670-004
15777;ОТДЕЛЕНИЕ ПО ВОПРОСАМ МИГРАЦИИ МО МВД РОССИИ ПОЧИНКОВСКИЙ УМВД РОССИИ ПО СМОЛЕНСКОЙ ОБЛАСТИ;;670-018;142216;;670-018
15789;УПРАВЛЕНИЕ ПО ВОПРОСАМ МИГРАЦИИ УМВД РОССИИ ПО СМОЛЕНСКОЙ ОБЛАСТИ УМВД РОССИИ ПО СМОЛЕНСКОЙ ОБЛАСТИ;;670-030;142228;;670-030
15833;ОТДЕЛЕНИЕ ПО ВОПРОСАМ МИГРАЦИИ МО МВД РОССИИ КИМРСКИЙ;;690-017;142272;;690-017
15834;ОТДЕЛ ПО ВОПРОСАМ МИГРАЦИИ ОТДЕЛА МВД РОССИИ ПО КОНАКОВСКОМУ РАЙОНУ;;690-018;142273;;690-018
15838;ОТДЕЛЕНИЕ ПО ВОПРОСАМ МИГРАЦИИ ОТДЕЛА МВД РОССИИ ПО ЛИХОСЛАВЛЬСКОМУ РАЙОНУ;;690-022;142277;;690-022
15854;МП МЕСТО ДИСЛОКАЦИИ ПГТ НОВОЗАВИДОВСКИЙ ОТДЕЛА ПО ВОПРОСАМ МИГРАЦИИ ОТДЕЛА МВД РОССИИ ПО КОНАКОВСКОМУ РАЙОНУ;;690-038;142293;;690-038
15862;ОТДЕЛЕНИЕ ПО ВОПРОСАМ МИГРАЦИИ УМВД РОССИИ ПО ЗАТО СЕВЕРСК УМВД РОССИИ ПО ТОМСКОЙ ОБЛАСТИ;;700-006;142301;;700-006
15924;МИГРАЦИОННЫЙ ПУНКТ ОТДЕЛЕНИЯ ПОЛИЦИИ 5 ДИСЛОКАЦИЯ С БОЛЬШОЕ СОРОКИНО МО МВД РОССИ И ИШИМСКИЙ;;720-019;142363;;720-019
15953;УПРАВЛЕНИЕ ПО ВОПРОСАМ МИГРАЦИИ УМВД РОССИИ ПО УЛЬЯНОВСКОЙ ОБЛАСТИ УМВД РОССИИ ПО УЛЬЯНОВСКОЙ ОБЛАСТИ;;730-021;142392;;730-021
16036;МИГРАЦИОННЫЙ ПУНКТ ОМВД РОССИИ ПО УЛЕТОВСКОМУ РАЙОНУ УМВД РОССИИ ПО ЗАБАЙКАЛЬСКОМУ КРАЮ;;750-033;142475;;750-033
16058;МИГРАЦИОННЫЙ ПУНКТ ОТДЕЛЕНИЯ ПОЛИЦИИ БРЕЙТОВСКОЕ МО МВД РОССИИ НЕКОУЗСКИЙ;;760-013;142497;;760-013
16066;МИГРАЦИОННЫЙ ПУНКТ ОТДЕЛА ПОЛИЦИИ ПОШЕХОНСКИЙ МУ МВД РОССИИ РЫБИНСКОЕ;;760-021;142505;;760-021
16289;МИГРАЦИОННЫЙ ПУНКТ МО МВД РОССИИ БИЛИБИНСКИЙ УМВД РОССИИ ПО ЧУКОТСКОМУ АВТОНОМНОМУ ОКРУГУ;;870-004;142728;;870-004
16356;ОТДЕЛ ПО ВОПРОСАМ ГРАЖДАНСВА УВМ МВД ПО РЕСПУБЛИКЕ ДАГЕСТАН;;050-001;142795;;050-001
16379;УПРАВЛЕНИЕ ПО ВОПРОСАМ МИГРАЦИИ ГУ МВД РОССИИ ПО СТАВРОПОЛЬСКОМУ КРАЮ;;260-000;142819;;260-000
16425;УПРАВЛЕНИЕ ПО ВОПРОСАМ МИГРАЦИИ УМВД РОССИИ ПО ОРЛОВСКОЙ ОБЛАСТИ;;570-022;142865;;570-022
16427;ОТДЕЛ АДРЕСНОСПРАВОЧНОЙ РАБОТЫ УВМ УМВД РОССИИ ПО ОРЛОВСКОЙ ОБЛАСТИ УМВД РОССИИ ПО ОРЛОВСКОЙ ОБЛАСТИ;;570-022;142867;;570-022
16444;ОТДЕЛ ПО ВОПРОСАМ ГРАЖДАНСТВА УПАРВЛЕНИЯ ПО ВОПРОСАМ МИГРАЦИИ ГУ МВД РОССИИ ПО САМАРСКОЙ ОБЛАСТИ ГУ МВД РОССИИ ПО САМАРСКОЙ ОБЛАСТИ;;630-050;142884;;630-050
16445;ОТДЕЛ ПО ВОПРОСАМ ТРУДОВОЙ МИГРАЦИИ УВМ ГУ МВД РОССИИ ПО САРАТОВСКОЙ ОБЛАСТИ ГУ МВД РОССИИ ПО САРАТОВСКОЙ ОБЛАСТИ;;640-000;142885;;640-000
16461;ОТДЕЛ ПО ВОПРОСАМ ТРУДОВОЙ МИГРАЦИИ УВМ УМВД РОССИИ ПО ТВЕРСКОЙ ОБЛАСТИ УМВД РОССИИ ПО ТВЕРСКОЙ ОБЛАСТИ;;690-001;142901;;690-001
16462;ОТДЕЛ АДРЕСНОСПРАВОЧНОЙ РАБОТЫ УВМ УМВД РОССИИ ПО ТВЕРСКОЙ ОБЛАСТИ УМВД РОССИИ ПО ТВЕРСКОЙ ОБЛАСТИ;;690-001;142902;;690-001
16463;ОТДЕЛ ПО ВОПРОСАМ ГРАЖДАНСТВА УВМ УМВД РОССИИ ПО ТВЕРСКОЙ ОБЛАСТИ УМВД РОССИИ ПО ТВЕРСКОЙ ОБЛАСТИ;;690-001;142903;;690-001
16484;ОТДЕЛ ОФОРМЛЕНИЯ ВИЗ И МИГРАЦИОННОГО УЧЕТА УВМ ГУ МВД РОССИИ ПО Г МОСКВЕ;;770-001;142924;;770-001
16485;ОТДЕЛ ОФОРМЛЕНИЯ ПРИГЛАШЕНИЙ УВМ ГУ МВД РОССИИ ПО Г МОСКВЕ;;770-001;142925;;770-001
16493;ОТДЕЛ ПО ВОПРОСАМ ТРУДОВОЙ МИГРАЦИИ УВМ ГУ МВД РОССИИ ПО СПБ И ЛО;;780-086;142933;;780-086
16499;УПРАВЛЕНИЕ ПО ВОПРОСАМ МИГРАЦИИ УПРАВЛЕНИЯ МИНИСТЕРСТВА ВНУТРЕННИХ ДЕЛ РОССИЙСКОЙ ФЕДЕРАЦИИ ПО ХАНТЫМАНСИЙСКОМУ АВТОНОМНОМУ ОКРУГУ ЮГРЕ;;860-001;142939;;860-001
16526;МИГРАЦИОННЫЙ ПУНКТ ОТДЕЛА МВД РОССИИ ПО ЦЕЛИННОМУ РАЙОНУ;;080-010;150113;;080-010
16535;ОТДЕЛ ПО ВОПРОСАМ МИГРАЦИИ ОТДЕЛА МИНИСТЕРСТВА ВНУТРЕННИХ ДЕЛ РОССИЙСКОЙ ФЕДЕРАЦИИ ПО КУРЧАЛОЕВСКОМУ РАЙОНУ ЧЕЧЕНСКОЙ РЕСПУБЛИКЕ;;200-020;150122;;200-020
16618;ОТДЕЛ ОФОРМЛЕНИЯ ЗАГРАНИЧНЫХ ПАСПОРТОВ УВМ ГУ МВД РОССИИ ПО СПБ И ЛО;;780-086;150211;;780-086
16620;ОТДЕЛ ПО РАБОТЕ С СООТЕЧЕСТВЕННИКАМИ БЕЖЕНЦАМИ И ВЫНУЖДЕННЫМИ ПЕРЕСЕЛЕНЦАМИ УВМ ГУ МВД РОССИИ ПО СПБ И ЛО;;780-086;150213;;780-086
16632;ОТДЕЛ РАЗРЕШИТЕЛЬНОВИЗОВОЙ РАБОТЫ УПРАВЛЕНИЯ ПО ВОПРОСАМ МИГРАЦИИ МВД ПО РЕСПУБЛИКЕ АДЫГЕЯ;;010-101;150225;;010-101
16633;ОТДЕЛ ПО РАБОТЕ С ГРАЖДАНАМИ РФ УВМ МВД ПО РЕСПУБЛИКЕ АДЫГЕЯ;;010-101;150226;;010-101
16634;ОТДЕЛ ПО ВОПРОСАМ ГРАЖДАНСВА УВМ МВД ПО РЕСПУБЛИКЕ ДАГЕСТАН;;050-001;150227;;050-001
16635;ОТДЕЛ АДРЕСНОСПРАВОЧНОЙ РАБОТЫ УВМ МВД ПО РЕСПУБЛИКЕ ДАГЕСТАН;;050-001;150228;;050-001
16636;МИГРАЦИОННЫЙ ПУНКТ ОТДЕЛЕНИЯ ПОЛИЦИИ 14 МЕЖМУНИЦИПАЛЬНОГО ОТДЕЛА МВД РОССИИ СЫСОЛЬСКИЙ МВД ПО РЕСПУБЛИКЕ КОМИ;;110-010;150229;;110-010
16637;ОТДЕЛ ПО ВОПРОСАМ МИГРАЦИИ ОТДЕЛА ПОЛИЦИИ 1 ПО ОБСЛУЖИВАНИЮ ОКТЯБРЬСКОГО РАЙОНА УМВД РОССИИ ПО ГО САРАНСК;;130-001;150230;;130-001
16644;ОТДЕЛ ПО ВОПРОСАМ ТРУДОВОЙ МИГРАЦИИ ГУ МВД РОССИИ ПО КЕМЕРОВСКОЙ ОБЛАСТИ;;420-001;150237;;420-001
16645;ОТДЕЛ АДРЕСНОСПРАВОЧНОЙ РАБОТЫ УВМ ГУ МВД РОССИИ ПО КЕМЕРОВСКОЙ ОБЛАСТИ;;420-001;150238;;420-001
16646;ОТДЕЛ ПО ВОПРОСАМ ГРАЖДАНСТВА УВМ ГУ МВД РОССИИ ПО КЕМЕРОВСКОЙ ОБЛАСТИ;;420-001;150239;;420-001
16647;ГРУППА ПО ПРЕДОСТАВЛЕНИЮ ГОСУДАРСТВЕННЫХ УСЛУГ В СФЕРЕ МИГРАЦИИ В ОПАРИНСКОМ РАЙОНЕ ОТДЕЛЕНИЯ ПО ВОПРОСАМ МИГРАЦИИ МО МВД РОССИИ МУРАШИНСКИЙ;;430-023;150240;;430-023
16648;УПРАВЛЕНИЕ ПО ВОПРОСАМ МИГРАЦИИ УМВД РОССИИ ПО МАГАДАНСКОЙ ОБЛАСТИ;;490-001;150241;;490-001
16649;ГРУППА ПО ВОПРОСАМ ТРУДОВОЙ МИГРАЦИИ УВМ УМВД РОССИИ ПО МАГАДАНСК ОБЛАСТИ;;490-001;150242;;490-001
16650;ОТДЕЛ ПО ВОПРОСАМ ГРАЖДАНСТВА УВМ УМВД РОССИИ ПО МАГАДАНСКОЙ ОБЛАСТИ;;490-001;150243;;490-001
16651;ОТДЕЛЕНИЕ АДРЕСНОСПРАВОЧНОЙ РАБОТЫ УМВД РОССИИ ПО МАГАДАНСКОЙ ОБЛАСТИ;;490-001;150244;;490-001
16658;МИГРАЦИОННЫЙ ПУНКТ ОТДЕЛЕНИЯ ПОЛИЦИИ МО МВД РОССИИ ПИЛЬНИНСКИЙ ГУ МВД РОССИИ ПО НИЖЕГОРОДСКОЙ ОБЛАСТИ ДИСЛОКАЦИЯ С СЕЧЕНОВО;;520-046;150251;;520-046
16659;ОТДЕЛ АДРЕСНОСПРАВОЧНОЙ РАБОТЫ УВМ УМВД РОССИИ ПО ПЕНЗЕНСКОЙ ОБЛАСТИ;;580-101;150252;;580-101
16660;ОТДЕЛ ПО ВОПРОСАМ ГРАЖДАНСТВА УВМ УМВД РОССИИ ПО ПЕНЗЕНСКОЙ ОБЛАСТИ;;580-101;150253;;580-101
16661;ОТДЕЛ ПО ВОПРОСАМ ТРУДОВОЙ МИГРАЦИИ УВМ УМВД РОССИИ ПО ПЕНЗЕНСКОЙ ОБЛАСТИ;;580-101;150254;;580-101
16678;ОТДЕЛЕНИЕ ПО ВОПРОСАМ МИГРАЦИИ МУ МВД РОССИИ ПО НОВОУРАЛЬСКОМУ ГОРОДСКОМУ ОКРУГУ И МУНИЦИПАЛЬНОМУ ОБРАЗОВАНИЮ ПОСЛОК УРАЛЬСКИЙ ГУ МВД РОССИИ ПО СВЕРДЛОВСКОЙ ОБЛАСТИ;;660-011;150271;;660-011
16679;ОТДЕЛ ПО ВОПРОСАМ МИГРАЦИИ ОТДЕЛА ПОЛИЦИИ 24 МО МВД РОССИИ КАМЕНСКУРАЛЬСКИЙ ГУ МВД РОССИИ ПО СВЕРДЛОВСКОЙ ОБЛАСТИ;;660-031;150272;;660-031
16680;ОТДЕЛ ПО ВОПРОСАМ ГРАЖДАНСТВА УВМ ГУ МВД РОССИИ ПО СВЕРДЛОВСКОЙ ОБЛАСТИ;;660-066;150273;;660-066
16681;ОТДЕЛ ПО ВОПРОСАМ ТРУДОВОЙ МИГРАЦИИ УВМ ГУ МВД РОССИИ ПО СВЕРДЛОВСКОЙ ОБЛАСТИ;;660-066;150274;;660-066
16682;ОТДЕЛ АДРЕСНОСПРАВОЧНОЙ РАБОТЫ УВМ ГУ МВД РОССИИ ПО СВЕРДЛОВСКОЙ ОБЛАСТИ;;660-066;150275;;660-066
16683;ОТДЕЛ ПО ВОПРОСАМ ТРУДОВОЙ МИГРАЦИИ УВМ ГУ МВД РОССИИ ПО ЧЕЛЯБИНСКОЙ ОБЛАСТИ;;740-001;150276;;740-001
16684;ОТДЕЛ АДРЕСНОСПРАВОЧНОЙ РАБОТЫ УВМ ГУ МВД РОССИИ ПО ЧЕЛЯБИНСКОЙ ОБЛАСТИ;;740-001;150277;;740-001
16685;ОТДЕЛ ПО ВОПРОСАМ ГРАЖДАНСТВА УВМ ГУ МВД РОССИИ ПО ЧЕЛЯБИНСКОЙ ОБЛАСТИ;;740-001;150278;;740-001
16687;ОТДЕЛ АДРЕСНОСПРАВОЧНОЙ РАБОТЫ УВМ УМВД РОССИИ ПО ЗАБАЙКАЛЬСКОМУ КРАЮ;;750-001;150280;;750-001
16688;ОТДЕЛ ПО ВОПРОСАМ ТРУДОВОЙ МИГРАЦИИ УВМ УМВД РОССИИ ПО ЗАБАЙКАЛЬСКОМУ КРАЮ;;750-001;150281;;750-001
16689;ОТДЕЛЕНИЕ ПО ВОПРОСАМ ГРАЖДАНСТВА УВМ УМВД РОССИИ ПО ЗАБАЙКАЛЬСКОМУ КРАЮ;;750-001;150282;;750-001
16715;УПРАВЛЕНИЕ ПО ВОПРОСАМ МИГРАЦИИ ГУ МВД РОССИИ ПО СПБ И ЛО;;780-086;150415;;780-086
16716;ОТДЕЛ ПО ВОПРОСАМ ТРУДОВОЙ МИГРАЦИИ УВМ ГУ МВД РОССИИ ПО СПБ И ЛО;;780-086;150416;;780-086
16717;ОТДЕЛ ПО ВОПРОСАМ ГРАЖДАНСТВА УВМ ГУ МВД РОССИИ ПО СПБ И ЛО;;780-086;150417;;780-086
16744;ОТДЕЛ ПО ВОПРОСАМ МИГРАЦИИ ДИСЛОКАЦИЯ РП ИЛЬИНОГОРСК ОТДЕЛА МВД РОССИИ ПО ВОЛОДАРСКОМУ РАЙОНУ;;520-017;200294;;520-017
16755;ОТДЕЛЕНИЕ 3 ОВМ УМВД РОССИИ ПО Г СТАРОМУ ОСКОЛУ;;310-037;200305;;310-037
16756;ОТДЕЛЕНИЕ 5 ОВМ УМВД РОССИИ ПО Г БЕЛГОРОДУ;;310-039;200306;;310-039
16779;МИГРАЦИОННЫЙ ПУНКТ ПУНКТА ПОЛИЦИИ ПО ЛЕШУКОНСКОМУ РАЙОНУ МУЖМУНИЦИПАЛЬНОГО ОТДЕЛЕНИЯ МВД РОССИИ МЕЗЕНСКОЕ;;290-018;200329;;290-018
16799;ОТДЕЛЕНИЕ ПО ВОПРОСАМ МИГРАЦИИ ОТДЕЛА ПОЛИЦИИ 2 РЕАЛИЗУЮЩИЙ ЗАДАЧИ И ФУНКЦИИ ОРГАНОВ ВНУТРЕННИХ ДЕЛ НА ТЕРРИТОРИИ ВОЛОДАРСКОГО РНА Г БРЯНСКА УМВД РОССИИ ПО Г БРЯНСКУ;;320-002;200349;;320-002
16801;ОТДЕЛЕНИЕ ПО ВОПРОСАМ МИГРАЦИИ ОТДЕЛА ПОЛИЦИИ 3 РЕАЛИЗУЮЩИЙ ЗАДАЧИ И ФУНКЦИИ ОРГАНОВ ВНУТРЕННИХ ДЕЛ НА ТЕРРИТОРИИ ФОКИНСКОГО РНА Г БРЯНСКА УМВД РОССИИ ПО Г БРЯНСКУ;;320-004;200351;;320-004
16809;ОТДЕЛЕНИЕ O ВОПРОСАМ МИГРАЦИИ ОМВД РОССИИ ПО МУХОРШИБИРСКОМУ РАЙОНУ;;030-018;200360;;030-018
16813;ОТДЕЛЕНИЕ ПО ВОПРОСАМ МИГРАЦИИ ОТДЕЛЕНИЯ МВД РОССИИ ПО ТИСУЛЬСКОМУ РАЙОНУ;;420-044;200364;;420-044
16816;МИГРАЦИОННЫЙ ПУНКТ ПО ВОПРОСАМ МИГРАЦИИ МО МВД РОССИИ РОДНИКОВСКИЙ;;370-010;200367;;370-010
16832;ОТДЕЛЕНИЕ ОМВД РОССИИ ПО ВЕЙДЕЛЕВСКОМУ РАЙОНУ УМВД РОССИИ ПО БЕЛГОРОДСКОЙ ОБЛАСТИ;;310-013;200396;;310-013
16943;ОПВМ ОМВД РФ ПО КРОНШТАДТСКОМУ РАЙОНУ СПБ;;780-045;200507;;780-045
8674;ТЕРРИТОРИАЛЬНЫЙ ПУНКТ УФМС РОССИИ ПО ТАМБОВСКОЙ ОБЛАСТИ В ИНЖАВИНСКОМ РАЙОНЕ;;680-012;127221;;680-012
8693;ТП УФМС РОССИИ ПО КИРОВСКОЙ ОБЛАСТИ В НОЛИНСКОМ РАЙОНЕ;;430-021;121280;;430-021
8694;ОТДЕЛЕНИЕ УФМС РОССИИ ПО КИРОВСКОЙ ОБЛАСТИ В ОМУТНИНСКОМ РАЙОНЕ;;430-022;121281;;430-022
8699;ОТДЕЛ УФМС РОССИИ ПО Г МОСКВЕ В ЮАО ОТДНИЕ ПО ВОПРОСАМ ГРАЖДАНСТВА РВП И ВЖ;;770-133;123392;;770-133
8777;ОТДЕЛ УФМС РОССИИ ПО ГМОСКВЕ В ЗЕЛЕНОГРАДЕ ОТДНИЕ ПО ВОПРОСАМ ГРАЖДАНСТВА РВП И ВЖ;;770-138;124776;;770-138
8789;ОТДЕЛЕНИЕ УФМС РОССИИ ПО КИРОВСКОЙ ОБЛАСТИ В СЛОБОДСКОМ РАЙОНЕ;;430-030;121289;;430-030
8797;ОТДЕЛЕНИЕ УФМС РОССИИ ПО КИРОВСКОЙ ОБЛАСТИ В ЮРЬЯНСКОМ РАЙОНЕ;;430-038;121297;;430-038
8798;ОТДЕЛЕНИЕ УФМС РОССИИ ПО КИРОВСКОЙ ОБЛАСТИ В ГОРОДЕ ЯРАНСКЕ;;430-039;121298;;430-039
8841;ТП ОФМС РОССИИ ПО ЧУКОТСКОМУ АВТОНОМНОМУ ОКРУГУ В ЧАУНСКОМ МУНИЦИПАЛЬНОМ РНЕ;;870-007;125587;;870-007
8842;ТП ОФМС РОССИИ ПО ЧУКОТСКОМУ АВТОНОМНОМУ ОКРУГУ В ЧУКОТСКОМ МУНИЦИПАЛЬНОМ РНЕ;;870-008;125588;;870-008
8915;ОВД БУЙНАКСКОГО РНА РЕСПУБЛИКИ ДАГЕСТАН;;052-051;3398;;052-051
9097;ТП 1 Г ОДИНЦОВО МОСКОВСКОЙ ОБЛАСТИ;;500-103;128143;;500-103
9098;ОМ ГОР ЕНИСЕЙСК4 КРАСНОЯРСКОГО КРАЯ;;243-013;128144;;243-013
9134;ОТДЕЛЕНИЕ УФМС РОССИИ ПО ОМСКОЙ ОБЛ В РУССКОПОЛЯНСКОМ РНЕ;;550-030;125977;;550-030
9254;УФМС ПО СПЕТЕРБУРГУ И ЛЕНОБЛ;;780-086;124415;;780-086
9491;ОТДЕЛ УФМС РОССИИ ПО Г МОСКВЕ ПО РАЙОНУ ОБРУЧЕВСКИЙ;;770-120;128803;;770-120
9527;ОТДЕЛЕНИЕ УФМС РОССИИ ПО КИРОВСКОЙ ОБЛАСТИ В ГОРОДЕ КОТЕЛЬНИЧЕ;;430-013;121272;;430-013
9528;ОТДЕЛЕНИЕ УФМС РОССИИ ПО КИРОВСКОЙ ОБЛАСТИ В ПОСЕЛКЕ КУМЕНЫ;;430-014;121273;;430-014
9594;УВД ЦЕНТРАЛЬНОГО РНА Г ВОЛГОГРАДА;;342-008;127823;;342-008
13158;ОТДЕЛ ОФОРМЛЕНИЯ ЗАГРАНИЧНЫХ ПАСПОРТОВ УФМС РОССИИ ПО САНКТПЕТЕРБУРГУ И ЛЕНИНГРАДСКОЙ ОБЛ;;780-086;127863;;780-086
13159;ОТДЕЛ ОБЕСПЕЧЕНИЯ ПАСПОРТНОЙ И РЕГИСТРАЦИОННОЙ РАБОТЫ УФМС РОССИИ ПО САНКТПЕТЕРБУРГУ И ЛЕНИНГРАДСКОЙ ОБЛ;;780-086;127864;;780-086
13160;ОТДЕЛ ОФОРМЛЕНИЯ РАЗРЕШЕНИЙ НА ВРЕМЕННОЕ ПРОЖИВАНИЕ И ВИДОВ НА ЖИТЕЛЬСТВО УФМС РОССИИ ПО САНКТПЕТЕРБУРГУ И ЛЕНИНГРАДСКОЙ ОБЛ;;780-086;127867;;780-086
13218;МИГРАЦИОННЫЙ ПУНКТ УФМС РОССИИ ПО РЕСПУБЛИКЕ КРЫМ В КРАСНОПЕРЕКОПСКОМ РАЙОНЕ;;910-019;129418;;910-019
